,chip,y,x,n_cells,label
0,0,984.2845452552506,1319.3505292548834,2,1.0
1,0,982.813324831808,1853.0677742711207,6,2.0
2,0,982.302811553294,2381.838263449763,2,3.0
3,0,981.1569083657472,2914.940014038859,13,4.0
4,0,980.2660799109048,3451.516748946333,7,5.0
5,0,978.8881261348292,3977.1681835436057,4,6.0
6,0,977.9742735358112,4517.720250124525,2,7.0
7,0,977.3692038426698,5043.373346037547,2,8.0
8,0,976.1054479774384,5579.819774683226,0,9.0
9,0,974.2829160106608,6104.830010715317,5,10.0
10,0,974.0711566831516,6642.546401571021,4,11.0
11,0,973.1917080744016,7175.388874129465,4,12.0
12,0,972.4065641212052,7708.230668740311,7,13.0
13,0,971.6134123377078,8245.765082312517,3,14.0
14,0,969.8303889365934,8766.730736719834,0,15.0
15,0,968.8588824675652,9300.583212494828,5,16.0
16,0,969.3965685700082,9833.09951625374,5,17.0
17,0,967.7172569154554,10366.853864824552,3,18.0
18,0,965.8972597810662,10903.353260598777,3,19.0
19,0,964.8044091545904,11974.16831062618,4,20.0
20,0,962.1942380507958,12502.03703539327,2,21.0
21,0,961.0149760684016,13028.182644500206,4,22.0
22,0,959.3512624522044,13560.804551362338,4,23.0
23,0,958.4467094697408,14094.647448916654,2,24.0
24,0,956.9287609683138,14634.32784167513,4,25.0
25,0,955.9135528895644,15160.109803129624,1,26.0
26,0,954.468243124384,15697.451615273356,3,27.0
27,0,953.1872654795592,16237.612148056192,3,28.0
28,0,952.0585840716058,16766.999794508127,3,29.0
29,0,950.7915975149303,17299.7122463489,6,30.0
30,0,949.4921181405692,17832.681786505662,5,31.0
31,0,948.3541978844856,18362.069685188264,0,32.0
32,0,947.3434101437706,18898.75298228559,2,33.0
33,0,946.946750837039,19431.615083601548,4,34.0
34,0,945.7482130979506,19965.090593815294,4,35.0
35,0,944.7136780514212,20505.28583666287,3,36.0
36,0,967.3602345198864,11439.584827635474,0,37.0
37,0,947.1564199303084,21031.037527589902,2,38.0
38,0,1426.224925473986,1057.4876157578346,4,39.0
39,0,1425.7232580928985,1583.3303974010632,3,40.0
40,0,1424.4440041166504,2115.485753996749,3,41.0
41,0,1423.3281451818275,2648.590443200776,1,42.0
42,0,1422.1832773901328,3181.691162835643,5,43.0
43,0,1421.4400719393811,3714.665349264723,2,44.0
44,0,1420.2941671853246,4247.767828631855,4,45.0
45,0,1419.148854511693,4780.594857930995,0,46.0
46,0,1418.1398416605853,5313.834088616276,3,47.0
47,0,1416.997170047845,5843.222877323031,4,48.0
48,0,1416.1106806812836,6373.140272791332,2,49.0
49,0,1414.8587164194018,6909.024101457138,3,50.0
50,0,1414.2272854391808,7446.105347559738,5,51.0
51,0,1412.6931260452257,7971.652940999516,2,52.0
52,0,1411.4234441117374,8512.307748117863,6,53.0
53,0,1410.2812237883973,9034.01395966064,2,54.0
54,0,1409.4215928449908,9566.841224180163,2,55.0
55,0,1407.5729098159322,10099.813947701015,1,56.0
56,0,1407.386958424972,10633.567925567722,3,57.0
57,0,1406.6891182006966,11176.53030160742,0,58.0
58,0,1404.8092964602024,11703.227259923811,1,59.0
59,0,1403.6761110443308,12239.777680938629,2,60.0
60,0,1402.5461737197102,12765.45172771474,7,61.0
61,0,1401.1126721986393,13294.850602820456,2,62.0
62,0,1400.2427867426654,13827.677519734088,5,63.0
63,0,1398.415113073751,14364.352589763275,5,64.0
64,0,1397.6762887253826,14898.13321614069,3,65.0
65,0,1395.1028628745105,15427.842397141105,4,66.0
66,0,1395.504578232024,15968.17919983595,1,67.0
67,0,1393.8055575113283,16504.717690288187,1,68.0
68,0,1393.0601577619236,17037.68943428458,2,69.0
69,0,1391.8048238864426,17563.774167422896,6,70.0
70,0,1390.6558579518592,18100.044989775844,3,71.0
71,0,1389.3798774733036,18629.839667509783,6,72.0
72,0,1388.235122996905,19162.40701001742,4,73.0
73,0,1387.633466418676,19703.20218918597,8,74.0
74,0,1386.689941721826,20235.77717604249,0,75.0
75,0,1385.743098766654,20769.023058441817,3,76.0
76,0,1868.4439715206408,788.8955658812938,3,77.0
77,0,1867.030368322308,1321.5242915499002,1,78.0
78,0,1866.2486281825163,1854.2231438201725,6,79.0
79,0,1865.4844806020235,2382.973929944854,6,80.0
80,0,1863.2721972475376,2916.787571740472,10,81.0
81,0,1864.254703557073,3453.663989056521,5,82.0
82,0,1862.6124586362369,3978.56078850156,4,83.0
83,0,1860.9252251470573,4519.342320449724,0,84.0
84,0,1859.5293889325665,5045.009693805268,9,85.0
85,0,1859.56144973342,5581.957590263627,7,86.0
86,0,1858.561162678141,6108.223257160478,2,87.0
87,0,1857.5399842682,6644.1893788051775,5,88.0
88,0,1856.3901306921568,7177.28731075361,1,89.0
89,0,1855.037096961724,7709.881203193911,2,90.0
90,0,1854.569695120968,8246.708184939553,3,91.0
91,0,1854.12400028584,8767.40917328363,3,92.0
92,0,1853.092052656636,9302.484550579544,8,93.0
93,0,1851.3192381297365,9835.198992736388,2,94.0
94,0,1851.313091657076,10368.938190576107,11,95.0
95,0,1848.610705772489,10904.76713740831,0,96.0
96,0,1847.305090712856,11441.339462265098,5,97.0
97,0,1847.1610164579151,11974.642784315112,6,98.0
98,0,1844.2295029617944,13030.305823467932,12,99.0
99,0,1842.694577393636,13562.570981923867,8,100.0
100,0,1841.791468759868,14096.413813302095,7,101.0
101,0,1840.4056675911736,14635.971524548484,2,102.0
102,0,1838.980515685644,15162.134939763442,5,103.0
103,0,1837.8063281452607,15699.217855663686,5,104.0
104,0,1836.524209625332,16239.130965860497,5,105.0
105,0,1835.39975294002,16768.7652571325,4,106.0
106,0,1834.442862073867,17301.73359840112,8,107.0
107,0,1832.9758016946769,17834.580836298708,3,108.0
108,0,1831.7008392965813,18363.83600447013,4,109.0
109,0,1830.9610558413208,18900.52958066633,5,110.0
110,0,1830.522831215135,19433.88820476446,4,111.0
111,0,1828.9466357157053,19966.989030439443,1,112.0
112,0,1827.7668960177527,20507.28774351713,2,113.0
113,0,1826.944465736362,21033.193154191595,3,114.0
114,0,1848.689293548813,12503.30795478852,0,115.0
115,0,2310.076775119671,1058.737192463661,1,116.0
116,0,2309.4874816680112,1584.4049485381763,3,117.0
117,0,2308.0767930671823,2116.984541609663,1,118.0
118,0,2306.930889879636,2650.0862921987555,2,119.0
119,0,2305.7849866920888,3183.188042787853,2,120.0
120,0,2304.639083504542,3716.289793376949,6,121.0
121,0,2303.767901606951,4249.39213447996,4,122.0
122,0,2302.347277129448,4782.493294555139,2,123.0
123,0,2301.2013739419017,5315.595045144235,1,124.0
124,0,2300.206589639948,5844.581726762054,3,125.0
125,0,2299.1907332218534,6374.3830243324655,5,126.0
126,0,2298.3324283678303,6911.187650404937,3,127.0
127,0,2297.425708056936,7448.003784183882,2,128.0
128,0,2296.029041390785,7973.413442424286,1,129.0
129,0,2295.196567920696,8514.207420063269,1,130.0
130,0,2293.6222286419675,9035.774618100197,2,131.0
131,0,2293.0198055478204,9569.12401496944,3,132.0
132,0,2291.8739023602734,10102.225765558536,2,133.0
133,0,2290.585381042727,10635.466362191868,0,134.0
134,0,2288.861575820166,11179.440148977365,3,135.0
135,0,2288.392991565496,11705.51156317581,4,136.0
136,0,2286.5981071616898,12241.94004397224,1,137.0
137,0,2285.9995886007337,12767.871260748318,1,138.0
138,0,2285.191673880764,13297.635911813137,1,139.0
139,0,2284.045770693217,13830.737662402233,5,140.0
140,0,2282.7674199653225,14366.917707508415,2,141.0
141,0,2281.4159758505466,14900.2782631047,3,142.0
142,0,2280.1116888482184,15429.542969562724,8,143.0
143,0,2278.8404935775834,15969.939701260722,2,144.0
144,0,2277.430881661316,16506.754048685005,1,145.0
145,0,2277.021398108298,17040.105411489658,3,146.0
146,0,2275.631579721378,17565.793548527516,1,147.0
147,0,2274.2568808273963,18102.346703617102,1,148.0
148,0,2273.7346511993364,18630.819735335164,2,149.0
149,0,2271.8500680785787,19164.70787929301,0,150.0
150,0,2270.831889036432,19705.10062581011,5,151.0
151,0,2270.279838604046,20238.081729648555,5,152.0
152,0,2268.5400826613377,20771.304126988303,2,153.0
153,0,2751.7388571753654,789.9180792661264,2,154.0
154,0,2752.992862378033,1321.0027880584605,2,155.0
155,0,2750.1110925033763,1855.7415195630963,12,156.0
156,0,2748.261222223944,2384.462292075934,9,157.0
157,0,2747.420281375101,2918.3366482221545,3,158.0
158,0,2745.6029349757955,3455.03550938425,4,159.0
159,0,2747.835740327052,3979.520569703969,6,160.0
160,0,2748.4892597888274,4520.878560362043,1,161.0
161,0,2745.650926246717,5046.842511209624,1,162.0
162,0,2746.206004930059,5583.10369026718,5,163.0
163,0,2746.502029764584,6108.720393339414,2,164.0
164,0,2744.458300050356,6645.329971337977,5,165.0
165,0,2743.83989045959,7178.921766311384,2,166.0
166,0,2741.492585853458,8248.363066376378,0,167.0
167,0,2739.940162843888,8770.026421083068,4,168.0
168,0,2737.805513835264,9303.255459546224,7,169.0
169,0,2737.8566127019926,9836.72066857396,4,170.0
170,0,2738.773811252476,10370.53671364484,1,171.0
171,0,2735.657159483546,10906.527624045037,0,172.0
172,0,2733.389151599893,11976.708241971755,1,173.0
173,0,2732.167564430594,12505.471513535756,2,174.0
174,0,2731.0194416900417,13031.35064671423,0,175.0
175,0,2729.469893223011,13564.092031663991,3,176.0
176,0,2729.249253578328,14098.017610609197,6,177.0
177,0,2727.3049209571827,14638.124714480757,7,178.0
178,0,2726.4358289398547,15163.757649070612,4,179.0
179,0,2725.251677638978,15700.839925054011,2,180.0
180,0,2723.970179658764,16241.03282746203,8,181.0
181,0,2722.721308206996,16770.53171683714,5,182.0
182,0,2721.1669995596794,17303.51326963248,3,183.0
183,0,2720.5674123222184,17836.597985217602,3,184.0
184,0,2719.176796887029,18365.51401629952,7,185.0
185,0,2718.552215720016,18902.292470742603,5,186.0
186,0,2717.7030757042694,19435.79520032199,7,187.0
187,0,2715.569298054685,19968.894827473126,3,188.0
188,0,2714.5415994967,20509.57801193221,2,189.0
189,0,2713.833113429846,21035.09952296129,7,190.0
190,0,2745.756965178728,7711.673274891116,2,191.0
191,0,2738.1639498916634,11443.254365011637,3,192.0
192,0,3203.8936843373194,1060.6584535441652,1,193.0
193,0,3197.7898225295094,1587.622093097316,5,194.0
194,0,3203.062111464849,2119.04039883772,2,195.0
195,0,3197.6786388801133,2652.386957697323,0,196.0
196,0,3198.4858065210738,3186.5848816504067,5,197.0
197,0,3199.624401902209,3718.345650605007,3,198.0
198,0,3197.538881710049,4250.513620523275,1,199.0
199,0,3196.756218812623,4784.54897378128,2,200.0
200,0,3196.1975018439525,5317.386064046861,0,201.0
201,0,3194.777409145086,5847.030246986114,1,202.0
202,0,3193.532190867661,6376.786640612182,0,203.0
203,0,3193.047916087259,6912.978596217672,2,204.0
204,0,3191.75240379492,7449.411523484188,0,205.0
205,0,3190.621391307441,7975.585761906277,1,206.0
206,0,3189.460059838397,8515.86512048537,1,207.0
207,0,3188.6139021709064,9037.817785802525,3,208.0
208,0,3187.611818256658,9570.78756119694,2,209.0
209,0,3186.465915069111,10103.889311786035,3,210.0
210,0,3184.899860168821,10637.379794069338,0,211.0
211,0,3184.11929326926,11180.750176268566,2,212.0
212,0,3182.86716445358,11707.040642885162,2,213.0
213,0,3181.5898188353285,12243.731217304285,2,214.0
214,0,3180.7363991313773,12769.398064731511,0,215.0
215,0,3179.564529348217,13299.287112458707,3,216.0
216,0,3178.4186261606706,13832.388863047803,4,217.0
217,0,3177.5130805557865,14368.949378899537,3,218.0
218,0,3176.008967107892,14901.937042282578,1,219.0
219,0,3174.595279528892,15431.318791650148,5,220.0
220,0,3173.968357741985,15971.59855426431,4,221.0
221,0,3172.280064327784,16508.412642260126,2,222.0
222,0,3171.391428692018,17041.52254714589,2,223.0
223,0,3169.747570789093,17567.180403451057,4,224.0
224,0,3169.1174296244794,18103.74831172553,2,225.0
225,0,3167.9709518659124,18633.386865240784,3,226.0
226,0,3166.852342987927,19166.23015098359,1,227.0
227,0,3165.404075831378,19707.288030949887,6,228.0
228,0,3164.6537098864105,20239.23066753448,5,229.0
229,0,3163.532419018792,20773.10380077536,1,230.0
230,0,3642.487616077391,791.4422960955671,6,231.0
231,0,3642.541472804917,1324.1750449679384,2,232.0
232,0,3639.193848599623,1858.4915693302028,3,233.0
233,0,3639.983558390205,2385.8786656924185,2,234.0
234,0,3639.6735384610656,2919.758484166213,6,235.0
235,0,3637.958430155818,3456.3168225727823,4,236.0
236,0,3636.966129572712,3981.859799469443,5,237.0
237,0,3635.666053679636,4522.785548502512,3,238.0
238,0,3635.0783131301687,5048.187754531881,1,239.0
239,0,3633.801849216753,5585.134305830391,0,240.0
240,0,3632.816320124061,6109.901542808975,3,241.0
241,0,3631.374591852582,6647.236399528731,3,242.0
242,0,3630.884100205493,7179.711912359514,1,243.0
243,0,3629.103999277552,7713.439946306025,5,244.0
244,0,3629.0565725621054,8250.387912811006,2,245.0
245,0,3627.115981400898,8771.941938106935,1,246.0
246,0,3626.4476038721873,9305.296077932042,7,247.0
247,0,3625.30170068464,9838.397828521138,1,248.0
248,0,3623.885402381143,10371.755048023017,3,249.0
249,0,3626.038306452325,10905.569213651495,3,250.0
250,0,3621.5196983497312,11445.020349766088,4,251.0
251,0,3620.840272001704,11977.884312487022,4,252.0
252,0,3619.342868122978,12507.37849847304,5,253.0
253,0,3618.191958432034,13033.281247497172,8,254.0
254,0,3616.78968077543,13565.880010855912,4,255.0
255,0,3616.045041661633,14099.352740086822,4,256.0
256,0,3614.2048086015743,14639.784309045075,0,257.0
257,0,3613.75323528654,15165.55624126501,8,258.0
258,0,3612.8344553025368,15702.38298183664,0,259.0
259,0,3611.015446881906,16242.81244931329,10,260.0
260,0,3610.1756426226034,16772.192503185805,2,261.0
261,0,3608.343607914303,17305.424659253982,3,262.0
262,0,3607.186860937729,17838.26223238946,1,263.0
263,0,3606.0544270781984,18367.649980751063,5,264.0
264,0,3605.592029872416,18904.599505542188,11,265.0
265,0,3605.00913029285,19437.837001224423,4,266.0
266,0,3603.300223497323,19970.80300672038,9,267.0
267,0,3602.2626862246166,20511.23630107469,4,268.0
268,0,3601.0084171222293,21037.00650789857,8,269.0
269,0,4092.141405903003,1062.0257008392273,5,270.0
270,0,4091.395546486267,1587.8507606705934,3,271.0
271,0,4090.387123394905,2120.815620923251,2,272.0
272,0,4089.2418107212734,2653.6426502223894,5,273.0
273,0,4087.708487512433,3187.404292194268,3,274.0
274,0,4087.096872204292,3720.2579981001218,2,275.0
275,0,4086.0713659225567,4252.955917042747,4,276.0
276,0,4084.509560947845,4786.460864090031,2,277.0
277,0,4083.778091150303,5318.886044103857,5,278.0
278,0,4082.516330989063,5848.686813103723,1,279.0
279,0,4081.501063549576,6378.214103646054,2,280.0
280,0,4080.367469364881,6914.753617394872,1,281.0
281,0,4079.33241359949,7451.430539188043,2,282.0
282,0,4078.339371718508,7977.244521737874,3,283.0
283,0,4076.78433165367,8517.900137771097,2,284.0
284,0,4075.932558969691,9039.605697413785,0,285.0
285,0,4074.930345790469,9572.5707401179,4,286.0
286,0,4073.7844426029214,10105.672490706997,4,287.0
287,0,4072.352267171235,10639.04872736566,0,288.0
288,0,4071.3110912866623,11183.142793311714,3,289.0
289,0,4070.318049405681,11708.956775861545,3,290.0
290,0,4068.908437489413,12245.77112328583,3,291.0
291,0,4067.911236656864,12771.317951537454,3,292.0
292,0,4067.005631926128,13300.96704651993,2,293.0
293,0,4065.751539688144,13833.407035671822,4,294.0
294,0,4064.578348161322,14370.487773759076,3,295.0
295,0,4063.327623906676,14903.724953893838,1,296.0
296,0,4061.9112298677214,15432.30901022199,6,297.0
297,0,4060.610743551339,15973.504393693633,3,298.0
298,0,4059.598856216735,16510.447817857552,3,299.0
299,0,4058.178232044735,17043.54862707387,4,300.0
300,0,4057.941910049101,17569.624627841105,5,301.0
301,0,4056.3018520911073,18105.91198656393,4,302.0
302,0,4054.88977912993,18635.034775366057,8,303.0
303,0,4053.429351167025,19168.66701005107,4,304.0
304,0,4053.142219364154,19708.9317051237,2,305.0
305,0,4051.180096931418,20241.754609383803,3,306.0
306,0,4050.431630716361,20775.26182257032,1,307.0
307,0,4534.574116308951,793.2462075073545,1,308.0
308,0,4533.844288178257,1326.2229866490125,1,309.0
309,0,4532.816724073906,1859.4495772585944,2,310.0
310,0,4531.41338311001,2388.31571452987,3,311.0
311,0,4529.705339907745,2920.914477922628,7,312.0
312,0,4529.250094891469,3458.630331083248,4,313.0
313,0,4528.779942075887,3983.624413471004,5,314.0
314,0,4527.232993927097,4523.558872604488,0,315.0
315,0,4525.305177937638,5050.216844430447,5,316.0
316,0,4524.681062363024,5586.793912666186,0,317.0
317,0,4523.683823385775,6112.592735288093,0,318.0
318,0,4523.04609415971,6648.392910086905,3,319.0
319,0,4521.374795231088,7182.510340603443,3,320.0
320,0,4520.259164441413,7715.35548596282,3,321.0
321,0,4519.444044433707,8251.802101193633,0,322.0
322,0,4518.121757575798,8773.989254021235,0,323.0
323,0,4516.927792148313,9307.593240361652,1,324.0
324,0,4516.049019391325,9840.435721600434,6,325.0
325,0,4514.635985773219,10373.796741539843,3,326.0
326,0,4513.470909162522,10910.363470486258,2,327.0
327,0,4511.044538003898,11448.078640192343,4,328.0
328,0,4511.064102097866,11979.911480388822,1,329.0
329,0,4510.355852425352,12509.160435951224,4,330.0
330,0,4509.204341202985,13035.330753335122,1,331.0
331,0,4507.65828179277,13568.060500989326,4,332.0
332,0,4506.636165327886,14101.792967440964,1,333.0
333,0,4505.359973765436,14641.69984870187,0,334.0
334,0,4504.22057223013,15167.365752756614,2,335.0
335,0,4503.05744726299,15704.181607482868,7,336.0
336,0,4501.768221494571,16244.33574404621,5,337.0
337,0,4500.910150474781,16774.22986531209,6,338.0
338,0,4499.798027878893,17307.33052374559,3,339.0
339,0,4497.923354871205,17840.053136306233,5,340.0
340,0,4497.209592242059,18369.56552040786,8,341.0
341,0,4496.604441135038,18906.6480349098,2,342.0
342,0,4495.395569372626,19439.7316692294,4,343.0
343,0,4494.313207799698,19972.584944198563,6,344.0
344,0,4492.727334289362,20514.296743739786,3,345.0
345,0,4491.466972956817,21038.78793720385,5,346.0
346,0,4974.161209402017,1063.615634414682,2,347.0
347,0,4972.600616389938,1588.1206587516044,3,348.0
348,0,4973.288957922896,2122.7134200307555,0,349.0
349,0,4971.374497430797,2656.30242914038,2,350.0
350,0,4969.971305904339,3188.684640605571,3,351.0
351,0,4969.56285604034,3722.2641378562366,2,352.0
352,0,4968.734048789652,4254.871235577137,4,353.0
353,0,4967.570011076614,4787.719770196904,3,354.0
354,0,4966.443527232173,5321.0759349535365,3,355.0
355,0,4965.850407513555,5850.201124877193,1,356.0
356,0,4964.166467556816,6379.819990101145,2,357.0
357,0,4963.701852659015,6916.276746746558,6,358.0
358,0,4962.925700809706,7452.993339254368,5,359.0
359,0,4960.997713982296,7978.876571481342,4,360.0
360,0,4959.836320838822,8519.184622490102,0,361.0
361,0,4958.99102779949,9041.349708163303,1,362.0
362,0,4957.846507455324,9574.452698786285,1,363.0
363,0,4956.421586474578,10107.801258833131,3,364.0
364,0,4955.275683287031,10640.903009422227,4,365.0
365,0,4954.1078214674,11184.220444313409,1,366.0
366,0,4953.366957163485,11709.73064009831,0,367.0
367,0,4951.966955966812,12247.045003772975,1,368.0
368,0,4950.969705486663,12773.061962286974,0,369.0
369,0,4949.942657698821,13302.79719143741,5,370.0
370,0,4948.796754511273,13835.898942026506,1,371.0
371,0,4947.633105717522,14371.757078287408,6,372.0
372,0,4946.386092736477,14905.468964643358,3,373.0
373,0,4945.359044948634,15435.204193793794,5,374.0
374,0,4943.8102351086345,15974.905533908644,1,375.0
375,0,4942.654711465222,16512.482952179926,2,376.0
376,0,4942.019797655036,17044.595829762467,5,377.0
377,0,4940.903186579184,17570.978910490543,1,378.0
378,0,4940.290142449511,18107.58204546394,4,379.0
379,0,4938.857949809914,18636.916319293952,1,380.0
380,0,4937.218867236102,19170.28296935612,4,381.0
381,0,4936.200176157892,19710.71876088485,2,382.0
382,0,4935.270688644301,20243.583802044195,3,383.0
383,0,4934.036628515184,20776.313485836105,6,384.0
384,0,5416.449615264859,794.8838500532511,5,385.0
385,0,5416.747410377056,1327.856619224598,3,386.0
386,0,5414.146922294787,1861.5249506926884,3,387.0
387,0,5414.050582025301,2389.957592449975,4,388.0
388,0,5413.180641603866,2923.3152885742074,2,389.0
389,0,5412.312017937435,3460.130798853722,5,390.0
390,0,5411.182647681449,3985.5410316482494,2,391.0
391,0,5410.547657629964,4525.57877912071,2,392.0
392,0,5409.157934020492,5051.488436642425,6,393.0
393,0,5408.013285579904,5588.304331084007,2,394.0
394,0,5406.750684825882,6113.83735733332,2,395.0
395,0,5405.454237910007,6650.535169404178,1,396.0
396,0,5404.44520789682,7184.019054859072,2,397.0
397,0,5403.30954340787,7717.12151971698,0,398.0
398,0,5402.516542601497,8253.30998405801,4,399.0
399,0,5401.034272235657,8775.632446428284,1,400.0
400,0,5400.006708131306,9308.859037037864,6,401.0
401,0,5399.12922373254,9841.704694293345,3,402.0
402,0,5397.852321230082,10375.195621518144,5,403.0
403,0,5396.81026099795,10911.886526753444,8,404.0
404,0,5395.57522370171,11448.579761095863,0,405.0
405,0,5394.399182909364,11981.678702992453,0,406.0
406,0,5393.276897759534,12510.80293844801,1,407.0
407,0,5392.289171744593,13036.592236547756,0,408.0
408,0,5390.867305790935,13569.438041601716,4,409.0
409,0,5389.854620496277,14102.928713007886,7,410.0
410,0,5388.4158678446265,14643.465705135828,7,411.0
411,0,5387.429596228294,15168.743293369003,1,412.0
412,0,5386.5309401935,15706.080000048629,6,413.0
413,0,5384.828550719709,16246.101415965266,1,414.0
414,0,5384.251844154742,16775.75053087183,8,415.0
415,0,5383.151128815328,17308.85390858142,2,416.0
416,0,5381.816788577496,17841.82143852192,6,417.0
417,0,5380.408014859815,18371.463957032007,3,418.0
418,0,5379.391170882817,18908.41229003878,6,419.0
419,0,5378.609045050996,19441.3812555292,2,420.0
420,0,5376.956835969158,19974.483211026785,4,421.0
421,0,5376.070169607112,20515.286934013508,1,422.0
422,0,5374.80755813263,21040.819292395165,5,423.0
423,0,5865.67384912426,1066.130706366359,1,424.0
424,0,5864.230362874985,1591.2449322622451,4,425.0
425,0,5863.889037641628,2123.8978810898698,4,426.0
426,0,5862.921675385664,2657.6009494881528,4,427.0
427,0,5862.030020492062,3190.5283936889,4,428.0
428,0,5861.599589703646,3723.935486488119,1,429.0
429,0,5859.889213953513,4256.786775233932,3,430.0
430,0,5858.862985484592,4790.010026757391,3,431.0
431,0,5857.866360990782,5322.742804329632,2,432.0
432,0,5856.727940380019,5852.363480054807,2,433.0
433,0,5855.339218927398,6382.473726603862,1,434.0
434,0,5854.159565328962,6918.318974456173,4,435.0
435,0,5853.282748240595,7455.149806686015,3,436.0
436,0,5852.152879146157,7980.792111138136,1,437.0
437,0,5850.991486002684,8521.100162146897,0,438.0
438,0,5849.724605286174,9043.64118473746,1,439.0
439,0,5848.446088802446,9576.36580715319,5,440.0
440,0,5847.576751638439,10109.716798489926,2,441.0
441,0,5846.430848450893,10642.818549079022,1,442.0
442,0,5845.262986631262,11186.135983970202,2,443.0
443,0,5844.40051282145,11712.255694874715,2,444.0
444,0,5843.122121130673,12248.960543429768,2,445.0
445,0,5842.124870650525,12774.97750194377,0,446.0
446,0,5840.709881363799,13304.35017089212,0,447.0
447,0,5839.951919675135,13837.8144816833,4,448.0
448,0,5838.410592411921,14374.03474693423,2,449.0
449,0,5837.264689224374,14907.136497523326,1,450.0
450,0,5835.858381565033,15436.50854722646,6,451.0
451,0,5834.577458773613,15976.458513363355,6,452.0
452,0,5833.39164658823,16514.022924184133,3,453.0
453,0,5833.783007566692,17046.168798873772,1,454.0
454,0,5831.53517328664,17572.645250468806,5,455.0
455,0,5830.52056614046,18109.10001981859,3,456.0
456,0,5829.502960601282,18638.59950378208,3,457.0
457,0,5827.954223195694,19172.07837046301,4,458.0
458,0,5827.079476505018,19712.38505167711,5,459.0
459,0,5825.550646638516,20244.879709405177,3,460.0
460,0,5824.787670129925,20778.5885528553,5,461.0
461,0,6304.923033954803,798.8261188534107,2,462.0
462,0,6306.87697953046,1329.902039010778,3,463.0
463,0,6304.888294259356,1862.7174507982047,1,464.0
464,0,6300.950489403717,2392.119337775046,5,465.0
465,0,6304.05874624599,2925.4855850415697,0,466.0
466,0,6303.329543327329,3462.1788191599217,4,467.0
467,0,6302.070720131175,3987.712667489061,1,468.0
468,0,6301.57988966623,4528.126476948011,3,469.0
469,0,6300.580414551672,5053.661221194384,7,470.0
470,0,6299.03465014464,5590.6078889471255,4,471.0
471,0,6297.905279888655,6116.018121741651,2,472.0
472,0,6296.609403073868,6652.450709060973,1,473.0
473,0,6295.46239372003,7186.067074839619,1,474.0
474,0,6294.464708571732,7719.037059373775,2,475.0
475,0,6293.53782322781,8255.358212304702,1,476.0
476,0,6292.041218605178,8777.68010342736,6,477.0
477,0,6290.894777836202,9311.031949839444,7,478.0
478,0,6289.748874648656,9844.13370042854,4,479.0
479,0,6288.870066920074,10376.978077872853,3,480.0
480,0,6287.965426161812,10913.80206641024,4,481.0
481,0,6286.443386258904,11450.749313497445,0,482.0
482,0,6285.2890347765615,11983.335715614385,4,483.0
483,0,6284.432062923395,12512.718478104804,3,484.0
484,0,6283.444336908455,13038.507776204551,1,485.0
485,0,6281.879373773202,13571.48554749569,6,486.0
486,0,6281.0087126375,14104.843253859588,2,487.0
487,0,6279.428869981826,14645.248326658722,2,488.0
488,0,6278.442598834098,15170.525914458634,2,489.0
489,0,6277.145045751931,15707.738341719043,1,490.0
490,0,6275.9853318655205,16247.265161914118,1,491.0
491,0,6274.845257231638,16777.655329015106,3,492.0
492,0,6273.85292781114,17310.8904157703,2,493.0
493,0,6272.554554368922,17843.345449668293,5,494.0
494,0,6271.415529814198,18373.247094664523,2,495.0
495,0,6270.261644481452,18910.06233137149,1,496.0
496,0,6269.116280642784,19442.913163877485,5,497.0
497,0,6267.969838106358,19976.26583254968,3,498.0
498,0,6266.664098760279,20517.456631433983,6,499.0
499,0,6265.820560738433,21042.601913484792,0,500.0
