,prob_neg_drop_one_det,prob_neg_drop_zero_det,prob_neg_drop,lambda_rho,var,r,q_single,q_chip,q_chip_uncor,rho,lambda,r_like,Phi_like,q_chip_like,lambda_like,rho_like,var_lam_chip_like,var_r_chip_like,var_rho_chip_like,var_q_chip_like,cov_lam_r_chip_like,cov_lam_rho_chip_like,cov_lam_q_chip_like,cov_r_rho_chip_like,cov_r_q_chip_like,cov_rho_q_chip_like,concentration,dataset,date,date_index
0,0.0405405405405405,0.3944954128440367,0.1936842105263158,0.8863157894736842,1.0840950477459472,3.971881002753906,0.1298829203203284,0.1529404167209647,0.0,0.3693380642105847,2.3997412543114844,3.5907503188196133,0.3361063768967262,0.1221899628207045,2.3910862582592705,0.3706749542858102,0.2476513366845992,1.824165266397825,0.0059554969658865,0.00227157620969,0.6131135785498244,-0.0370918009581745,0.0058078116959625,-0.0950471138027521,0.0,-0.0009003482527931,0,0,20230315,1
1,0.1836734693877551,0.7476190476190476,0.4,0.956989247311828,1.4809047089358545,1.7480461764414927,0.2901545627768343,0.2530517832546725,0.0,0.5934434436427743,1.6126039600968134,1.937485025855548,0.2392319286077264,0.3070103806325766,1.6494399099871064,0.5801904279855268,0.0337766477056833,0.2353846067028804,0.0036841610202431,0.0020849427379436,0.0563115134261012,-0.0095709901225686,0.0037341293878534,-0.0198075727872122,0.0,-0.0013134798755469,0,2,20230404,1
2,0.1788617886178861,0.6875,0.310492505353319,1.3811563169164882,3.0260819218645176,1.1596833109170237,0.3593894536272256,0.2393055043988639,0.0,0.5201893120269292,2.655103219123788,1.45070049552288,0.4418472253540191,0.3266415772936805,2.6324043920927,0.5246748262027102,0.0849001477949698,0.0517970883131023,0.0029453476662382,0.002907722572912,0.0228863997525613,-0.0137596042491987,0.0099254376334359,-0.0045615779432106,0.0,-0.0019782778363961,10,2,20230404,1
3,0.0432098765432098,0.4516129032258064,0.1774193548387097,1.0138248847926268,0.9790232117580698,-29.534238081145407,0.093138108645834,0.0,1.0,0.6036148354195572,1.6795890778395848,1277.3633031118934,0.0006804089632121,0.0877926841528161,1.8836441410469635,0.5382252744561001,0.1237185452220377,237269.20443794,0.0100501647986617,0.0010458745430369,161.44009339378766,-0.0341088848839427,0.0016809229120525,-46.12927499500736,0.0,-0.0004803004856194,20,0,20230315,1
4,0.4554455445544554,0.7835051546391752,0.3538812785388128,2.0319634703196345,3.2941705066716827,3.271155544059103,0.6263055423801446,0.6003774531075238,0.3982800229118569,0.6641337534218802,3.0595696421845053,3.132247852374049,0.2041291635890466,0.6015063246821016,3.0861296082181804,0.6584180602488748,0.1255044721823234,0.3810208210654449,0.0052422878753777,0.0016327598697407,0.077777461514101,-0.0237917243831968,0.0104084278324571,-0.0165936275666538,0.0,-0.0022206121367804,20,2,20230404,1
5,0.3032258064516129,0.7380952380952381,0.4484978540772532,0.8862660944206009,1.133273339794176,3.179937450545629,0.4519898258573526,0.430709558814382,0.0,0.5532206970475131,1.6020118176173086,3.346906900867123,0.1690233349641922,0.4371383646634178,1.6017711115644908,0.5533038322528879,0.0510421876661659,1.0427181028540309,0.0058152238630322,0.0020440274408158,0.1762436911719238,-0.0158760406118558,0.0044495606839253,-0.0608803024550575,0.0,-0.0015370229619468,40,0,20230315,1
6,0.7532467532467533,0.9558823529411764,0.6238532110091743,3.311926605504587,9.741558578508911,1.7059853326447552,0.8091316346986557,0.8764886370380239,0.835882081161331,0.7525769509872353,4.400781343568894,1.7226959575347092,0.2388562946987085,0.8784137951085546,4.5144778961186685,0.7336233960414388,0.6923627165926954,0.0370316828279791,0.0173930280590288,0.0005167779853983,0.0088452505467488,-0.1064200376944925,0.0167577634116959,-0.0014373938458137,0.0,-0.0027232135336662,40,2,20230404,1
7,0.9784172661870504,1.0,0.9537444933920703,1.524229074889868,2.0071379253338,4.810999571873379,0.9784172661870504,0.9687754676367718,0.9687754676367718,0.9999999999999984,1.5242290748898704,4.750323170019834,0.0,0.9686286464326836,1.524229074889868,1.0,0.0044345950954838,3.014718288105629,0.0,3.326246900072408e-05,0.0,0.0,0.0,0.0,0.0,0.0,50,2,20230404,1
8,0.3953488372093023,0.6862745098039216,0.4212962962962963,1.2824074074074074,2.00822806565266,2.2658059396508587,0.6802104391283027,0.6794503999325183,0.1793238410256029,0.3905920704070093,3.283239739278625,2.4961925965837346,0.477813623671287,0.6644863686494612,3.0878739677187546,0.4153043229140659,0.3675807869066301,0.4459701294497799,0.0065419485211303,0.0028359707854106,0.2130906036015523,-0.0472872848752643,0.0245318144356055,-0.0286596699778754,0.0,-0.0032994120519625,60,0,20230315,1
9,0.9568345323741008,0.9928571428571428,0.9552238805970148,1.5010660980810235,2.336003134510597,2.6986459247795564,0.9662815890906344,0.9766633125661914,0.9692215059100776,0.7582140752445007,1.979739162184474,2.7959361939443634,0.1650642751784668,0.979131625596228,2.210347666854405,0.6791085948108897,0.6743818039626176,0.2809558285555381,0.0630731127150352,7.875408006580866e-05,0.0463757701976855,-0.2046047718549994,0.0061933440478309,-0.0142485205402293,0.0,-0.0019028468853899,60,2,20230404,1
10,0.9594594594594594,1.0,0.9858156028368794,0.91725768321513,1.1613839310723448,3.4464203042570234,0.9594594594594594,0.9843930367234656,0.9843930367234656,0.9999999999999964,0.9172576832151332,4.269995040694589,5.194291076090539e-16,0.9845361454027266,0.91725768321513,1.0,0.0026342744984965,8.856256512916094,2.8408558469979283e-30,2.229347896016024e-05,4.600197417260878e-15,-1.4917496762279211e-18,0.0,-5.015163679127194e-15,0.0,0.0,65,3,20230404,2
11,1.0,1.0,0.9907834101382488,1.6981566820276497,3.730851097795894,1.4186766561393176,1.0,0.9945295932143136,0.9945295932143136,0.9999999999999708,1.6981566820276994,1.6938523696060526,3.953512136173919e-16,0.9945316076217328,1.6981566820276497,1.0,0.0078355498025996,0.0623374783160537,3.803477518542473e-33,5.074596470250172e-06,2.4645197706099707e-17,-1.8242098368204964e-18,0.0,-1.4512911539277168e-17,0.0,0.0,70,3,20230404,2
12,0.9913793103448276,0.9953917050691244,0.9953810623556582,0.8775981524249422,1.3761868103669488,1.544717283218375,0.9989515892119862,1.0,0.9947167362253684,0.0,inf,1.5634026895137705,0.719047808052314,0.9982427353365708,2.6327944572748265,0.3333333333333333,47.14679005389404,0.1114135150161471,0.7556790758417108,2.2442487402541876e-05,0.0801116437597641,-5.96710340118241,0.0313727924339291,-0.0101427899847888,0.0,-0.0039720523754068,75,3,20230404,2
13,0.7610062893081762,0.893719806763285,0.7873684210526316,0.9052631578947368,1.0901621141461246,4.432157983235779,0.8733674237322175,0.8800560526636529,0.7286715949862765,0.4420618892824011,2.0478199542698654,4.551568025256555,0.2092480741995377,0.8800077145192182,2.0470945742011297,0.4422185322082699,0.2969916196725158,2.077189217119557,0.0138214346927403,0.0007767756467314,0.4346478434303128,-0.0628071756218636,0.0113785372716569,-0.0938937232170877,0.0,-0.0024580203154086,80,0,20230315,1
14,0.9918032786885246,1.0,0.9890829694323144,2.3646288209606987,3.5757264483579068,4.616861047721407,0.9918032786885246,0.9953522859820358,0.9953522859820358,0.9999999999999962,2.364628820960708,4.952940115261557,8.10699681213024e-18,0.9953552070547406,2.3646288209606987,1.0,0.0076278342251974,0.9274654956766054,1.0991298597693578e-35,3.680228055322948e-06,7.518959816811033e-18,-2.6151600284568134e-20,0.0,-3.179763246629228e-18,0.0,0.0,80,3,20230404,2
15,0.92,0.9727272727272728,0.9415584415584416,0.8051948051948052,0.9381074456996368,4.87793088640905,0.951171042985516,0.9648722568891082,0.9247485207358938,0.4668046854946974,1.7249072903831246,4.819139306024248,0.1966756725157756,0.968345877704506,1.91136449897223,0.4212670087928131,1.0351348486941705,7.445329560761881,0.0502788309637939,0.0002384694981868,1.4643151984644276,-0.2268714675388437,0.012253746702049,-0.3227368112773168,0.0,-0.0027007403467275,100,0,20230315,1
16,1.0,1.0,1.0,1.5460251046025104,1.9842504144627773,5.45425736551671,1.0,1.0,1.0,,,5.2250903597535325,3.1678197863079612e-09,1.0,1.546025126052184,0.9999999861259218,,,,,,,,,,,100,3,20230404,2
17,1.0,1.0,0.9978991596638656,1.2142857142857142,1.705563909774436,3.0013336831518647,1.0,0.998267469382794,0.998267469382794,0.9999999999996648,1.214285714286121,3.212673366530864,0.0,0.9982669141894864,1.2142857142857142,1.0,0.0035152228916011,0.4703059991463473,0.0,1.9379255414253413e-06,0.0,0.0,0.0,0.0,0.0,0.0,130,1,20230315,2
18,1.0,1.0,1.0,1.8933901918976543,2.4116869863138524,6.916744339143073,1.0,1.0,1.0,,,6.8655525102432255,2.899717165368807e-06,1.0,1.8934155903541583,0.9999865859050524,,,,,,,,,,,130,3,20230404,2
19,1.0,1.0,1.0,0.9807692307692308,1.3036979080876294,2.978701959861105,1.0,1.0,1.0,,,3.022640425072812,8.883441649540861e-10,1.0,0.9807692343256365,0.9999999963738608,,,,,,,,,,,160,1,20230315,2
20,1.0,1.0,1.0,1.1853546910755148,1.5274914450066128,4.106737225716742,1.0,1.0,1.0,,,4.409868442885484,8.661074070067453e-07,1.0,1.185359537139715,0.9999959117347536,,,,,,,,,,,200,1,20230315,2
21,1.0,1.0,1.0,1.1757322175732217,1.7636027122093278,2.3514468918793456,1.0,1.0,1.0,,,3.129531528482989,0.0,1.0,1.1757322175732217,1.0,,,,,,,,,,,250,1,20230315,2
22,1.0,1.0,1.0,0.919831223628692,1.008358533822178,9.55738379617584,1.0,1.0,1.0,,,9.474759852185132,1.572821847869219e-05,1.0,0.919994712028129,0.9998222941965866,,,,,,,,,,,300,1,20230315,2
23,1.0,1.0,1.0,1.0172043010752687,1.210910270671116,5.341624691716309,1.0,1.0,1.0,,,5.445247551738735,0.0,1.0,1.0172043010752687,1.0,,,,,,,,,,,350,1,20230315,2
